Type,Name,Request Count,Failure Count,Median Response Time,Average Response Time,Min Response Time,Max Response Time,Average Content Size,Requests/s,Failures/s,50%,66%,75%,80%,90%,95%,98%,99%,99.9%,99.99%,100%
DELETE,DELETE /files/[user]/500.0MB,47,0,87,829.4047208315881,50.27114800759591,5813.579301990103,254.93617021276594,0.15725897449491424,0.0,87,130,1200,1400,3500,4100,5800,5800,5800,5800,5800
GET,GET /files/[user]/500.0MB,62,1,100.0,1116.8762282581038,48.90191898448393,7649.77267201175,250.80645161290323,0.20744800890818474,0.0033459356275513667,100,1200,1700,2300,3300,4500,6700,7600,7600,7600,7600
PROPFIND,PROPFIND /files/[user]/,42,0,120.0,1075.2460639501112,56.20559601811692,6561.674064985709,32658.833333333332,0.1405292963571574,0.0,140,350,1500,1800,4200,5700,6600,6600,6600,6600,6600
PUT,PUT /files/[user]/500.0MB,82,6,51000.0,47115.36490973284,2212.214778002817,57656.63956600474,0.0,0.2743667214592121,0.0200756137653082,51000,52000,53000,53000,54000,56000,57000,58000,58000,58000,58000
,Aggregated,233,7,1700.0,17239.69358504329,48.90191898448393,57656.63956600474,6005.163090128755,0.7796030012194685,0.023421549392859568,1700,7600,48000,50000,52000,54000,56000,57000,58000,58000,58000
