Type,Name,Request Count,Failure Count,Median Response Time,Average Response Time,Min Response Time,Max Response Time,Average Content Size,Requests/s,Failures/s,50%,66%,75%,80%,90%,95%,98%,99%,99.9%,99.99%,100%
DELETE,DELETE /files/[user]/1.0MB,6125,342,56,498.3895902749697,24.2984090000391,139070.11232100194,265.51314285714284,20.451440030285323,1.1419416310787887,56,66,76,83,150,290,1700,8700,134000,139000,139000
GET,GET /files/[user]/1.0MB,8456,515,57,426.9538233525965,23.995106981601566,139243.3284499857,392.32012771996216,28.23467377895391,1.7195904678525618,57,67,77,85,150,300,660,5000,134000,139000,139000
PROPFIND,PROPFIND /files/[user]/,4164,253,85,538.8976978676052,35.346302000107244,139099.06308099744,76896.12800192123,13.90364020997683,0.8447696861489284,85,98,110,120,190,360,2400,8800,134000,139000,139000
PUT,PUT /files/[user]/1.0MB,12220,739,110.0,451.16458327170886,46.50251200655475,139192.92356999358,28.31759410801964,40.80270974205496,2.4675288461029963,110,130,150,170,290,420,870,5100,132000,139000,139000
,Aggregated,30965,1849,84,465.6922006202099,23.995106981601566,139243.3284499857,10511.391732601323,103.39246376127102,6.173830631183275,84,100,120,130,220,370,870,7200,134000,139000,139000
